neighbourhood_id,neighbourhood,population,total_reported_courts,court_population_ratio,courts_per_10000
115,Mount Dennis,13055,13,9.95787054768288e-4,9.957870547682878
5,Elms-Old Rexdale,9355,8,8.551576696953501e-4,8.551576696953502
49,Bayview Woods-Steeles,12085,10,8.274720728175424e-4,8.274720728175424
68,North Riverdale,11290,9,7.971656333038087e-4,7.971656333038086
87,High Park-Swansea,22665,18,7.941760423560556e-4,7.941760423560556
9,Edenbridge-Humber Valley,15190,11,7.241606319947334e-4,7.241606319947334
40,St.Andrew-Windfields,16960,11,6.485849056603773e-4,6.485849056603773
98,Rosedale-Moore Park,20080,13,6.474103585657371e-4,6.474103585657371
149,Parkwoods-O'Connor Hills,13965,9,6.444683136412459e-4,6.4446831364124595
135,Morningside,17660,11,6.22876557191393e-4,6.2287655719139305
96,Casa Loma,11350,7,6.167400881057269e-4,6.167400881057269
48,Hillcrest Village,16345,10,6.11807892321811e-4,6.11807892321811
3,Thistletown-Beaumond Heights,9850,6,6.091370558375635e-4,6.091370558375635
56,Leaside-Bennington,16535,10,6.047777441790142e-4,6.047777441790142
150,Fenside-Parkwoods,20510,12,5.850804485616773e-4,5.850804485616773
15,Kingsway South,8855,5,5.64652738565782e-4,5.64652738565782
41,Bridle Path-Sunnybrook-York Mills,8940,5,5.592841163310962e-4,5.592841163310962
52,Bayview Village,22330,12,5.373936408419167e-4,5.3739364084191665
18,New Toronto,11345,6,5.288673424416042e-4,5.288673424416042
46,Pleasant View,15220,8,5.256241787122207e-4,5.256241787122208
81,Trinity-Bellwoods,15415,8,5.189750243269543e-4,5.189750243269542
62,East End Danforth,21840,11,5.036630036630037e-4,5.036630036630037
114,Lambton Baby Point,7965,4,5.021971123666039e-4,5.021971123666039
7,Willowridge-Martingrove-Richview,22445,11,4.900868790376476e-4,4.900868790376476
47,Don Valley Village,26775,13,4.8552754435107374e-4,4.855275443510737
12,Markland Wood,10365,5,4.82392667631452e-4,4.82392667631452
160,Mimico-Queensway,17045,8,4.6934584922264595e-4,4.693458492226459
16,Stonegate-Queensway,25650,12,4.6783625730994154e-4,4.678362573099416
63,The Beaches,21510,10,4.6490004649000463e-4,4.6490004649000465
33,Clanton Park,17620,8,4.540295119182747e-4,4.540295119182747
10,Princess-Rosethorn,11170,5,4.476275738585497e-4,4.476275738585497
23,Pelmo Park-Humberlea,11290,5,4.428697962798937e-4,4.428697962798937
36,Newtonbrook West,23805,10,4.200798151648813e-4,4.200798151648813
140,Guildwood,9680,4,4.1322314049586776e-4,4.132231404958677
95,Annex,29300,12,4.0955631399317407e-4,4.09556313993174
103,Lawrence Park South,14960,6,4.0106951871657755e-4,4.0106951871657754
158,Islington,23460,9,3.8363171355498723e-4,3.8363171355498724
42,Banbury-Don Mills,27155,10,3.682563063892469e-4,3.682563063892469
118,Tam O'Shanter-Sullivan,27205,10,3.675794890645102e-4,3.675794890645102
19,Long Branch,11360,4,3.5211267605633805e-4,3.5211267605633805
105,Lawrence Park North,14675,5,3.4071550255536625e-4,3.4071550255536627
1,West Humber-Clairville,33300,11,3.3033033033033035e-4,3.3033033033033035
64,Woodbine Corridor,12205,4,3.277345350266284e-4,3.277345350266284
50,Newtonbrook East,15345,5,3.2583903551645487e-4,3.258390355164549
11,Eringate-Centennial-West Deane,18450,6,3.252032520325203e-4,3.252032520325203
100,Yonge-Eglinton,12410,4,3.2232070910556004e-4,3.2232070910556003
28,Rustic,9390,3,3.194888178913738e-4,3.194888178913738
94,Wychwood,12800,4,3.125e-4,3.125
8,Humber Heights-Westmount,10005,3,2.998500749625187e-4,2.998500749625187
55,Thorncliffe Park,20400,6,2.941176470588235e-4,2.941176470588235
59,Danforth-East York,17065,5,2.929973630237328e-4,2.929973630237328
128,Agincourt South-Malvern West,24170,7,2.8961522548613986e-4,2.8961522548613985
106,Humewood-Cedarvale,13845,4,2.88912964969303e-4,2.8891296496930297
27,York University Heights,28255,8,2.831357281897009e-4,2.8313572818970094
32,Englemount-Lawrence,21285,6,2.8188865398167724e-4,2.818886539816772
155,Downsview,17970,5,2.782415136338342e-4,2.782415136338342
174,South Eglinton-Davisville,22735,6,2.639102705080273e-4,2.6391027050802727
152,East Willowdale,15485,4,2.583144979011947e-4,2.583144979011947
13,Etobicoke West Mall,11865,3,2.5284450063211124e-4,2.5284450063211126
38,Lansing-Westgate,15910,4,2.51414204902577e-4,2.5141420490257698
123,Cliffcrest,16130,4,2.4798512089274643e-4,2.4798512089274642
21,Humber Summit,12185,3,2.4620434961017645e-4,2.4620434961017645
148,East L'Amoreaux,21495,5,2.3261223540358222e-4,2.3261223540358222
142,Woburn North,26580,6,2.257336343115124e-4,2.257336343115124
133,Centennial Scarborough,13380,3,2.242152466367713e-4,2.242152466367713
121,Oakridge,13705,3,2.1889821233126596e-4,2.18898212331266
113,Weston,18675,4,2.14190093708166e-4,2.14190093708166
29,Maple Leaf,9845,2,2.0314880650076182e-4,2.0314880650076184
53,Henry Farm,19840,4,2.0161290322580645e-4,2.0161290322580645
25,Glenfield-Jane Heights,30020,6,1.9986675549633578e-4,1.998667554963358
136,West Hill,28140,5,1.7768301350390902e-4,1.7768301350390903
44,Flemingdon Park,22530,4,1.775410563692854e-4,1.775410563692854
22,Humbermede,16955,3,1.7693895606015926e-4,1.7693895606015926
145,Malvern West,17320,3,1.7321016166281755e-4,1.7321016166281755
43,Victoria Village,17365,3,1.7276130146847107e-4,1.7276130146847106
172,Dovercourt Village,12380,2,1.6155088852988692e-4,1.6155088852988693
156,Bendale-Glen Andrew,18685,3,1.6055659620016057e-4,1.6055659620016056
20,Alderwood,12595,2,1.5879317189360857e-4,1.5879317189360858
162,West Queen West,13170,2,1.5186028853454822e-4,1.5186028853454823
143,West Rouge,20670,3,1.4513788098693758e-4,1.4513788098693758
153,Avondale,13790,2,1.45032632342277e-4,1.45032632342277
90,Junction Area,14010,2,1.4275517487508923e-4,1.4275517487508924
24,Black Creek,21145,3,1.4187751241428233e-4,1.4187751241428233
65,Greenwood-Coxwell,14120,2,1.4164305949008498e-4,1.4164305949008498
86,Roncesvalles,14610,2,1.3689253935660506e-4,1.3689253935660506
34,Bathurst Manor,15955,2,1.2535255405828893e-4,1.2535255405828893
35,Westminster-Branson,25705,3,1.167088115152694e-4,1.1670881151526942
146,Malvern East,26095,3,1.1496455259628281e-4,1.1496455259628282
30,Brookhaven-Amesbury,17495,2,1.1431837667905116e-4,1.1431837667905116
129,Agincourt North,27540,3,1.0893246187363834e-4,1.0893246187363834
54,O`Connor Parkview,18405,2,1.0866612333604998e-4,1.0866612333605
119,Wexford/Maryvale,28345,3,1.0583877227024166e-4,1.0583877227024165
154,Oakdale-Beverley Heights,21420,2,9.337068160597572e-5,0.9337068160597571
6,Kingsview Village-The Westway,22005,2,9.088843444671665e-5,0.9088843444671665
171,Junction-Wallace Emerson,23180,2,8.628127696289905e-5,0.8628127696289905
126,Dorset Park,24305,2,8.228759514503188e-5,0.8228759514503188
92,Corso Italia-Davenport,13200,1,7.575757575757576e-5,0.7575757575757576
120,Clairlea-Birchmount,26840,2,7.451564828614009e-5,0.7451564828614009
70,South Riverdale,27815,2,7.190364911019235e-5,0.7190364911019235
2,Mount Olive-Silverstone-Jamestown,31345,2,6.38060296698038e-5,0.638060296698038
73,Moss Park,21490,1,4.653327128897162e-5,0.46533271288971617
4,Rexdale-Kipling,10375,0,0,0
31,Yorkdale-Glen Park,16625,0,0,0
37,Willowdale West,17160,0,0,0
39,Bedford Park-Nortown,22145,0,0,0
57,Broadview North,10955,0,0,0
58,Old East York,9160,0,0,0
60,Woodbine-Lumsden,7915,0,0,0
61,Taylor Massey,15025,0,0,0
66,Danforth,9305,0,0,0
67,Playter Estates-Danforth,7680,0,0,0
69,Blake-Jones,7475,0,0,0
71,Cabbagetown-South St. James Town,11020,0,0,0
72,Regent Park,12750,0,0,0
74,North St. James Town,18535,0,0,0
78,Kensington-Chinatown,18120,0,0,0
79,University,6435,0,0,0
80,Palmerston-Little Italy,13120,0,0,0
83,Dufferin Grove,11215,0,0,0
84,Little Portugal,15485,0,0,0
85,South Parkdale,20495,0,0,0
88,High Park North,21855,0,0,0
89,Runnymede-Bloor West Village,10120,0,0,0
91,Weston-Pelham Park,10680,0,0,0
97,Yonge-St. Clair,12905,0,0,0
99,Mount Pleasant East,16370,0,0,0
101,Forest Hill South,10860,0,0,0
102,Forest Hill North,12290,0,0,0
107,Oakwood Village,20710,0,0,0
108,Briar Hill-Belgravia,14575,0,0,0
109,Caledonia-Fairbank,10015,0,0,0
110,Keelesdale-Eglinton West,11390,0,0,0
111,Rockcliffe-Smythe,22235,0,0,0
112,Beechborough-Greenbrook,6260,0,0,0
116,Steeles,22765,0,0,0
122,Birchcliffe-Cliffside,22700,0,0,0
124,Kennedy Park,17110,0,0,0
125,Ionview,13365,0,0,0
130,Milliken,23980,0,0,0
134,Highland Creek,12625,0,0,0
138,Eglinton East,22535,0,0,0
139,Scarborough Village,16520,0,0,0
141,Golfdale-Cedarbrae-Woburn,27085,0,0,0
144,Morningside Heights,24940,0,0,0
147,L'Amoreaux West,21545,0,0,0
151,Yonge-Doris,20160,0,0,0
157,Bendale South,10725,0,0,0
159,Etobicoke City Centre,23600,0,0,0
161,Humber Bay Shores,22605,0,0,0
163,Fort York-Liberty Village,19915,0,0,0
164,Wellington Place,25570,0,0,0
165,Harbourfront-CityPlace,28135,0,0,0
166,St Lawrence-East Bayfront-The Islands,31285,0,0,0
167,Church-Wellesley,22320,0,0,0
168,Downtown Yonge East,17700,0,0,0
169,Bay-Cloverhill,16670,0,0,0
170,Yonge-Bay Corridor,12645,0,0,0
173,North Toronto,15885,0,0,0
